id;name;email;dob
1;calculate networks;Lazaro.Jacobson63@hotmail.com;2021-03-07
2;Realigned;Lynn.Buckridge@gmail.com;2021-03-07
3;Tuna;Aurelia97@yahoo.com;2021-03-07
4;Home;Branson_Botsford@gmail.com;2021-03-07
5;payment backing Berkshire;Cicero.Sawayn@yahoo.com;2021-03-07
6;Africa synergy Albania;Quinten.White@yahoo.com;2021-03-07
7;Wooden Music;Marcelina73@yahoo.com;2021-03-07
8;portals Factors;Brice60@yahoo.com;2021-03-07
9;Fish Devolved rich;Karlie96@yahoo.com;2021-03-07
10;24;Louie_Lang24@yahoo.com;2021-03-07
